Workbook

Sheet Control
A1: Parameter | B1: Value
A2: Cutoff | B2: 46142.999
A3: Budget USD | B3: 900.03

Sheet Programs
A1: Program ID | B1: Program | C1: Weight | D1: Maximum award USD | E1: Approval | F1: Tie rank
A2: 001 | B2: Food access | C2: 2 | D2: 80 | E2: approved | F2: 4
A3: 01 | B3: Rent support | C3: 1 | D3: 180 | E3: approved | F3: 2
A4: 1 | B4: Language classes | C4: 3 | D4: 60 | E4: approved | F4: 6
A5: 010 | B5: Youth skills | C5: 2 | D5: 130 | E5: approved | F5: 1
A6: 10 | B6: Community health | C6: 4 | D6: 250 | E6: approved | F6: 7
A7: A2 | B7: Local transport | C7: 2 | D7: 90 | E7: approved | F7: 3
A8: A10 | B8: Digital access | C8: 1 | D8: 110 | E8: approved | F8: 8
A9: R&D | B9: Research and design | C9: 3 | D9: 140 | E9: approved | F9: 5

Sheet Rates
A1: Currency | B1: USD per unit
A2: GBP | B2: 1.35
A3: USD | B3: 1
A4: EUR | B4: 1.2

Sheet Ledger
A1: Program ID | B1: Item ID | C1: Revision | D1: Recorded | E1: Effective | F1: Status | G1: Currency | H1: Amount | I1: Key (len|prog|item) | J1: Recorded<=cutoff | K1: Selected version | L1: Counted | M1: USD rate | N1: USD cents
A2: 01 | B2: 001 | C2: 1 | D2: 46132 | E2: 46131 | F2: posted | G2: USD | H2: 180 | I2: =IF(A2="","",LEN(A2)&"|"&A2&B2) -> 2|01001 | J2: =IF(A2="",0,IF(D2<=Control!$B$2,1,0)) -> 1 | K2: =IF(J2=1,IF(SUMPRODUCT($J$2:$J$501*EXACT($I$2:$I$501,I2)*($C$2:$C$501>C2))=0,1,0),0) -> 1 | L2: =IF(K2=1,IF(EXACT(F2,"posted"),IF(E2<=Control!$B$2,1,0),0),0) -> 1 | M2: =IF(A2="",0,SUMPRODUCT(EXACT(Rates!$A$2:$A$4,G2)*Rates!$B$2:$B$4)) -> 1 | N2: =IF(L2=1,ROUND(ROUND(H2*M2*100,6),0),0) -> 18000
A3: 010 | B3: 01 | C3: 1 | D3: 46132 | E3: 46131 | F3: posted | G3: EUR | H3: 50 | I3: =IF(A3="","",LEN(A3)&"|"&A3&B3) -> 3|01001 | J3: =IF(A3="",0,IF(D3<=Control!$B$2,1,0)) -> 1 | K3: =IF(J3=1,IF(SUMPRODUCT($J$2:$J$501*EXACT($I$2:$I$501,I3)*($C$2:$C$501>C3))=0,1,0),0) -> 1 | L3: =IF(K3=1,IF(EXACT(F3,"posted"),IF(E3<=Control!$B$2,1,0),0),0) -> 1 | M3: =IF(A3="",0,SUMPRODUCT(EXACT(Rates!$A$2:$A$4,G3)*Rates!$B$2:$B$4)) -> 1.2 | N3: =IF(L3=1,ROUND(ROUND(H3*M3*100,6),0),0) -> 6000
A4: 10 | B4: 01 | C4: 1 | D4: 46132 | E4: 46131 | F4: posted | G4: EUR | H4: 120 | I4: =IF(A4="","",LEN(A4)&"|"&A4&B4) -> 2|1001 | J4: =IF(A4="",0,IF(D4<=Control!$B$2,1,0)) -> 1 | K4: =IF(J4=1,IF(SUMPRODUCT($J$2:$J$501*EXACT($I$2:$I$501,I4)*($C$2:$C$501>C4))=0,1,0),0) -> 1 | L4: =IF(K4=1,IF(EXACT(F4,"posted"),IF(E4<=Control!$B$2,1,0),0),0) -> 1 | M4: =IF(A4="",0,SUMPRODUCT(EXACT(Rates!$A$2:$A$4,G4)*Rates!$B$2:$B$4)) -> 1.2 | N4: =IF(L4=1,ROUND(ROUND(H4*M4*100,6),0),0) -> 14400
A5: 01 | B5: 1 | C5: 1 | D5: 46132 | E5: 46131 | F5: posted | G5: GBP | H5: 60 | I5: =IF(A5="","",LEN(A5)&"|"&A5&B5) -> 2|011 | J5: =IF(A5="",0,IF(D5<=Control!$B$2,1,0)) -> 1 | K5: =IF(J5=1,IF(SUMPRODUCT($J$2:$J$501*EXACT($I$2:$I$501,I5)*($C$2:$C$501>C5))=0,1,0),0) -> 1 | L5: =IF(K5=1,IF(EXACT(F5,"posted"),IF(E5<=Control!$B$2,1,0),0),0) -> 1 | M5: =IF(A5="",0,SUMPRODUCT(EXACT(Rates!$A$2:$A$4,G5)*Rates!$B$2:$B$4)) -> 1.35 | N5: =IF(L5=1,ROUND(ROUND(H5*M5*100,6),0),0) -> 8100
A6: 10 | B6: 001 | C6: 1 | D6: 46132 | E6: 46131 | F6: posted | G6: USD | H6: 360 | I6: =IF(A6="","",LEN(A6)&"|"&A6&B6) -> 2|10001 | J6: =IF(A6="",0,IF(D6<=Control!$B$2,1,0)) -> 1 | K6: =IF(J6=1,IF(SUMPRODUCT($J$2:$J$501*EXACT($I$2:$I$501,I6)*($C$2:$C$501>C6))=0,1,0),0) -> 1 | L6: =IF(K6=1,IF(EXACT(F6,"posted"),IF(E6<=Control!$B$2,1,0),0),0) -> 1 | M6: =IF(A6="",0,SUMPRODUCT(EXACT(Rates!$A$2:$A$4,G6)*Rates!$B$2:$B$4)) -> 1 | N6: =IF(L6=1,ROUND(ROUND(H6*M6*100,6),0),0) -> 36000
A7: 010 | B7: 001 | C7: 1 | D7: 46132 | E7: 46131 | F7: posted | G7: USD | H7: 150 | I7: =IF(A7="","",LEN(A7)&"|"&A7&B7) -> 3|010001 | J7: =IF(A7="",0,IF(D7<=Control!$B$2,1,0)) -> 1 | K7: =IF(J7=1,IF(SUMPRODUCT($J$2:$J$501*EXACT($I$2:$I$501,I7)*($C$2:$C$501>C7))=0,1,0),0) -> 0 | L7: =IF(K7=1,IF(EXACT(F7,"posted"),IF(E7<=Control!$B$2,1,0),0),0) -> 0 | M7: =IF(A7="",0,SUMPRODUCT(EXACT(Rates!$A$2:$A$4,G7)*Rates!$B$2:$B$4)) -> 1 | N7: =IF(L7=1,ROUND(ROUND(H7*M7*100,6),0),0) -> 0
A8: A2 | B8: 001 | C8: 1 | D8: 46132 | E8: 46131 | F8: posted | G8: USD | H8: 120 | I8: =IF(A8="","",LEN(A8)&"|"&A8&B8) -> 2|A2001 | J8: =IF(A8="",0,IF(D8<=Control!$B$2,1,0)) -> 1 | K8: =IF(J8=1,IF(SUMPRODUCT($J$2:$J$501*EXACT($I$2:$I$501,I8)*($C$2:$C$501>C8))=0,1,0),0) -> 0 | L8: =IF(K8=1,IF(EXACT(F8,"posted"),IF(E8<=Control!$B$2,1,0),0),0) -> 0 | M8: =IF(A8="",0,SUMPRODUCT(EXACT(Rates!$A$2:$A$4,G8)*Rates!$B$2:$B$4)) -> 1 | N8: =IF(L8=1,ROUND(ROUND(H8*M8*100,6),0),0) -> 0
A9: 001 | B9: 1 | C9: 1 | D9: 46132 | E9: 46131 | F9: posted | G9: GBP | H9: 24 | I9: =IF(A9="","",LEN(A9)&"|"&A9&B9) -> 3|0011 | J9: =IF(A9="",0,IF(D9<=Control!$B$2,1,0)) -> 1 | K9: =IF(J9=1,IF(SUMPRODUCT($J$2:$J$501*EXACT($I$2:$I$501,I9)*($C$2:$C$501>C9))=0,1,0),0) -> 1 | L9: =IF(K9=1,IF(EXACT(F9,"posted"),IF(E9<=Control!$B$2,1,0),0),0) -> 1 | M9: =IF(A9="",0,SUMPRODUCT(EXACT(Rates!$A$2:$A$4,G9)*Rates!$B$2:$B$4)) -> 1.35 | N9: =IF(L9=1,ROUND(ROUND(H9*M9*100,6),0),0) -> 3240
A10: A2 | B10: 1 | C10: 1 | D10: 46132 | E10: 46131 | F10: posted | G10: GBP | H10: 40 | I10: =IF(A10="","",LEN(A10)&"|"&A10&B10) -> 2|A21 | J10: =IF(A10="",0,IF(D10<=Control!$B$2,1,0)) -> 1 | K10: =IF(J10=1,IF(SUMPRODUCT($J$2:$J$501*EXACT($I$2:$I$501,I10)*($C$2:$C$501>C10))=0,1,0),0) -> 1 | L10: =IF(K10=1,IF(EXACT(F10,"posted"),IF(E10<=Control!$B$2,1,0),0),0) -> 1 | M10: =IF(A10="",0,SUMPRODUCT(EXACT(Rates!$A$2:$A$4,G10)*Rates!$B$2:$B$4)) -> 1.35 | N10: =IF(L10=1,ROUND(ROUND(H10*M10*100,6),0),0) -> 5400
A11: 1 | B11: 001 | C11: 1 | D11: 46132 | E11: 46131 | F11: posted | G11: USD | H11: 48 | I11: =IF(A11="","",LEN(A11)&"|"&A11&B11) -> 1|1001 | J11: =IF(A11="",0,IF(D11<=Control!$B$2,1,0)) -> 1 | K11: =IF(J11=1,IF(SUMPRODUCT($J$2:$J$501*EXACT($I$2:$I$501,I11)*($C$2:$C$501>C11))=0,1,0),0) -> 1 | L11: =IF(K11=1,IF(EXACT(F11,"posted"),IF(E11<=Control!$B$2,1,0),0),0) -> 1 | M11: =IF(A11="",0,SUMPRODUCT(EXACT(Rates!$A$2:$A$4,G11)*Rates!$B$2:$B$4)) -> 1 | N11: =IF(L11=1,ROUND(ROUND(H11*M11*100,6),0),0) -> 4800
A12: R&D | B12: 01 | C12: 1 | D12: 46132 | E12: 46131 | F12: posted | G12: EUR | H12: 42 | I12: =IF(A12="","",LEN(A12)&"|"&A12&B12) -> 3|R&D01 | J12: =IF(A12="",0,IF(D12<=Control!$B$2,1,0)) -> 1 | K12: =IF(J12=1,IF(SUMPRODUCT($J$2:$J$501*EXACT($I$2:$I$501,I12)*($C$2:$C$501>C12))=0,1,0),0) -> 1 | L12: =IF(K12=1,IF(EXACT(F12,"posted"),IF(E12<=Control!$B$2,1,0),0),0) -> 1 | M12: =IF(A12="",0,SUMPRODUCT(EXACT(Rates!$A$2:$A$4,G12)*Rates!$B$2:$B$4)) -> 1.2 | N12: =IF(L12=1,ROUND(ROUND(H12*M12*100,6),0),0) -> 5040
A13: R&D | B13: 1 | C13: 1 | D13: 46132 | E13: 46131 | F13: posted | G13: GBP | H13: 42 | I13: =IF(A13="","",LEN(A13)&"|"&A13&B13) -> 3|R&D1 | J13: =IF(A13="",0,IF(D13<=Control!$B$2,1,0)) -> 1 | K13: =IF(J13=1,IF(SUMPRODUCT($J$2:$J$501*EXACT($I$2:$I$501,I13)*($C$2:$C$501>C13))=0,1,0),0) -> 1 | L13: =IF(K13=1,IF(EXACT(F13,"posted"),IF(E13<=Control!$B$2,1,0),0),0) -> 1 | M13: =IF(A13="",0,SUMPRODUCT(EXACT(Rates!$A$2:$A$4,G13)*Rates!$B$2:$B$4)) -> 1.35 | N13: =IF(L13=1,ROUND(ROUND(H13*M13*100,6),0),0) -> 5670
... A31: A2 | B31: 01 | C31: 1 | D31: 46132 | E31: 46131 | F31: posted | G31: EUR | H31: 40 | I31: =IF(A31="","",LEN(A31)&"|"&A31&B31) -> 2|A201 | J31: =IF(A31="",0,IF(D31<=Control!$B$2,1,0)) -> 1 | K31: =IF(J31=1,IF(SUMPRODUCT($J$2:$J$501*EXACT($I$2:$I$501,I31)*($C$2:$C$501>C31))=0,1,0),0) -> 1 | L31: =IF(K31=1,IF(EXACT(F31,"posted"),IF(E31<=Control!$B$2,1,0),0),0) -> 1 | M31: =IF(A31="",0,SUMPRODUCT(EXACT(Rates!$A$2:$A$4,G31)*Rates!$B$2:$B$4)) -> 1.2 | N31: =IF(L31=1,ROUND(ROUND(H31*M31*100,6),0),0) -> 4800
I32: =IF(A32="","",LEN(A32)&"|"&A32&B32) | J32: =IF(A32="",0,IF(D32<=Control!$B$2,1,0)) -> 0 | K32: =IF(J32=1,IF(SUMPRODUCT($J$2:$J$501*EXACT($I$2:$I$501,I32)*($C$2:$C$501>C32))=0,1,0),0) -> 0 | L32: =IF(K32=1,IF(EXACT(F32,"posted"),IF(E32<=Control!$B$2,1,0),0),0) -> 0 | M32: =IF(A32="",0,SUMPRODUCT(EXACT(Rates!$A$2:$A$4,G32)*Rates!$B$2:$B$4)) -> 0 | N32: =IF(L32=1,ROUND(ROUND(H32*M32*100,6),0),0) -> 0
I33: =IF(A33="","",LEN(A33)&"|"&A33&B33) | J33: =IF(A33="",0,IF(D33<=Control!$B$2,1,0)) -> 0 | K33: =IF(J33=1,IF(SUMPRODUCT($J$2:$J$501*EXACT($I$2:$I$501,I33)*($C$2:$C$501>C33))=0,1,0),0) -> 0 | L33: =IF(K33=1,IF(EXACT(F33,"posted"),IF(E33<=Control!$B$2,1,0),0),0) -> 0 | M33: =IF(A33="",0,SUMPRODUCT(EXACT(Rates!$A$2:$A$4,G33)*Rates!$B$2:$B$4)) -> 0 | N33: =IF(L33=1,ROUND(ROUND(H33*M33*100,6),0),0) -> 0
I34: =IF(A34="","",LEN(A34)&"|"&A34&B34) | J34: =IF(A34="",0,IF(D34<=Control!$B$2,1,0)) -> 0 | K34: =IF(J34=1,IF(SUMPRODUCT($J$2:$J$501*EXACT($I$2:$I$501,I34)*($C$2:$C$501>C34))=0,1,0),0) -> 0 | L34: =IF(K34=1,IF(EXACT(F34,"posted"),IF(E34<=Control!$B$2,1,0),0),0) -> 0 | M34: =IF(A34="",0,SUMPRODUCT(EXACT(Rates!$A$2:$A$4,G34)*Rates!$B$2:$B$4)) -> 0 | N34: =IF(L34=1,ROUND(ROUND(H34*M34*100,6),0),0) -> 0
I35: =IF(A35="","",LEN(A35)&"|"&A35&B35) | J35: =IF(A35="",0,IF(D35<=Control!$B$2,1,0)) -> 0 | K35: =IF(J35=1,IF(SUMPRODUCT($J$2:$J$501*EXACT($I$2:$I$501,I35)*($C$2:$C$501>C35))=0,1,0),0) -> 0 | L35: =IF(K35=1,IF(EXACT(F35,"posted"),IF(E35<=Control!$B$2,1,0),0),0) -> 0 | M35: =IF(A35="",0,SUMPRODUCT(EXACT(Rates!$A$2:$A$4,G35)*Rates!$B$2:$B$4)) -> 0 | N35: =IF(L35=1,ROUND(ROUND(H35*M35*100,6),0),0) -> 0
I36: =IF(A36="","",LEN(A36)&"|"&A36&B36) | J36: =IF(A36="",0,IF(D36<=Control!$B$2,1,0)) -> 0 | K36: =IF(J36=1,IF(SUMPRODUCT($J$2:$J$501*EXACT($I$2:$I$501,I36)*($C$2:$C$501>C36))=0,1,0),0) -> 0 | L36: =IF(K36=1,IF(EXACT(F36,"posted"),IF(E36<=Control!$B$2,1,0),0),0) -> 0 | M36: =IF(A36="",0,SUMPRODUCT(EXACT(Rates!$A$2:$A$4,G36)*Rates!$B$2:$B$4)) -> 0 | N36: =IF(L36=1,ROUND(ROUND(H36*M36*100,6),0),0) -> 0
I37: =IF(A37="","",LEN(A37)&"|"&A37&B37) | J37: =IF(A37="",0,IF(D37<=Control!$B$2,1,0)) -> 0 | K37: =IF(J37=1,IF(SUMPRODUCT($J$2:$J$501*EXACT($I$2:$I$501,I37)*($C$2:$C$501>C37))=0,1,0),0) -> 0 | L37: =IF(K37=1,IF(EXACT(F37,"posted"),IF(E37<=Control!$B$2,1,0),0),0) -> 0 | M37: =IF(A37="",0,SUMPRODUCT(EXACT(Rates!$A$2:$A$4,G37)*Rates!$B$2:$B$4)) -> 0 | N37: =IF(L37=1,ROUND(ROUND(H37*M37*100,6),0),0) -> 0
I38: =IF(A38="","",LEN(A38)&"|"&A38&B38) | J38: =IF(A38="",0,IF(D38<=Control!$B$2,1,0)) -> 0 | K38: =IF(J38=1,IF(SUMPRODUCT($J$2:$J$501*EXACT($I$2:$I$501,I38)*($C$2:$C$501>C38))=0,1,0),0) -> 0 | L38: =IF(K38=1,IF(EXACT(F38,"posted"),IF(E38<=Control!$B$2,1,0),0),0) -> 0 | M38: =IF(A38="",0,SUMPRODUCT(EXACT(Rates!$A$2:$A$4,G38)*Rates!$B$2:$B$4)) -> 0 | N38: =IF(L38=1,ROUND(ROUND(H38*M38*100,6),0),0) -> 0
I39: =IF(A39="","",LEN(A39)&"|"&A39&B39) | J39: =IF(A39="",0,IF(D39<=Control!$B$2,1,0)) -> 0 | K39: =IF(J39=1,IF(SUMPRODUCT($J$2:$J$501*EXACT($I$2:$I$501,I39)*($C$2:$C$501>C39))=0,1,0),0) -> 0 | L39: =IF(K39=1,IF(EXACT(F39,"posted"),IF(E39<=Control!$B$2,1,0),0),0) -> 0 | M39: =IF(A39="",0,SUMPRODUCT(EXACT(Rates!$A$2:$A$4,G39)*Rates!$B$2:$B$4)) -> 0 | N39: =IF(L39=1,ROUND(ROUND(H39*M39*100,6),0),0) -> 0
I40: =IF(A40="","",LEN(A40)&"|"&A40&B40) | J40: =IF(A40="",0,IF(D40<=Control!$B$2,1,0)) -> 0 | K40: =IF(J40=1,IF(SUMPRODUCT($J$2:$J$501*EXACT($I$2:$I$501,I40)*($C$2:$C$501>C40))=0,1,0),0) -> 0 | L40: =IF(K40=1,IF(EXACT(F40,"posted"),IF(E40<=Control!$B$2,1,0),0),0) -> 0 | M40: =IF(A40="",0,SUMPRODUCT(EXACT(Rates!$A$2:$A$4,G40)*Rates!$B$2:$B$4)) -> 0 | N40: =IF(L40=1,ROUND(ROUND(H40*M40*100,6),0),0) -> 0
I41: =IF(A41="","",LEN(A41)&"|"&A41&B41) | J41: =IF(A41="",0,IF(D41<=Control!$B$2,1,0)) -> 0 | K41: =IF(J41=1,IF(SUMPRODUCT($J$2:$J$501*EXACT($I$2:$I$501,I41)*($C$2:$C$501>C41))=0,1,0),0) -> 0 | L41: =IF(K41=1,IF(EXACT(F41,"posted"),IF(E41<=Control!$B$2,1,0),0),0) -> 0 | M41: =IF(A41="",0,SUMPRODUCT(EXACT(Rates!$A$2:$A$4,G41)*Rates!$B$2:$B$4)) -> 0 | N41: =IF(L41=1,ROUND(ROUND(H41*M41*100,6),0),0) -> 0
I42: =IF(A42="","",LEN(A42)&"|"&A42&B42) | J42: =IF(A42="",0,IF(D42<=Control!$B$2,1,0)) -> 0 | K42: =IF(J42=1,IF(SUMPRODUCT($J$2:$J$501*EXACT($I$2:$I$501,I42)*($C$2:$C$501>C42))=0,1,0),0) -> 0 | L42: =IF(K42=1,IF(EXACT(F42,"posted"),IF(E42<=Control!$B$2,1,0),0),0) -> 0 | M42: =IF(A42="",0,SUMPRODUCT(EXACT(Rates!$A$2:$A$4,G42)*Rates!$B$2:$B$4)) -> 0 | N42: =IF(L42=1,ROUND(ROUND(H42*M42*100,6),0),0) -> 0
I43: =IF(A43="","",LEN(A43)&"|"&A43&B43) | J43: =IF(A43="",0,IF(D43<=Control!$B$2,1,0)) -> 0 | K43: =IF(J43=1,IF(SUMPRODUCT($J$2:$J$501*EXACT($I$2:$I$501,I43)*($C$2:$C$501>C43))=0,1,0),0) -> 0 | L43: =IF(K43=1,IF(EXACT(F43,"posted"),IF(E43<=Control!$B$2,1,0),0),0) -> 0 | M43: =IF(A43="",0,SUMPRODUCT(EXACT(Rates!$A$2:$A$4,G43)*Rates!$B$2:$B$4)) -> 0 | N43: =IF(L43=1,ROUND(ROUND(H43*M43*100,6),0),0) -> 0
... I501: =IF(A501="","",LEN(A501)&"|"&A501&B501) | J501: =IF(A501="",0,IF(D501<=Control!$B$2,1,0)) -> 0 | K501: =IF(J501=1,IF(SUMPRODUCT($J$2:$J$501*EXACT($I$2:$I$501,I501)*($C$2:$C$501>C501))=0,1,0),0) -> 0 | L501: =IF(K501=1,IF(EXACT(F501,"posted"),IF(E501<=Control!$B$2,1,0),0),0) -> 0 | M501: =IF(A501="",0,SUMPRODUCT(EXACT(Rates!$A$2:$A$4,G501)*Rates!$B$2:$B$4)) -> 0 | N501: =IF(L501=1,ROUND(ROUND(H501*M501*100,6),0),0) -> 0

Sheet Summary
A1: Program ID | B1: Program | C1: Eligible USD | D1: Fundable cap USD | E1: Ideal USD | F1: Award USD
A2: 001 | B2: =INDEX(Programs!$B$2:$B$9,Calc!B2) -> Food access | C2: =Calc!G2/100 -> 133.2 | D2: =Calc!H2/100 -> 80 | E2: =Calc!K2/100 -> 80 | F2: =ROUND(Calc!P2/100,2) -> 80
A3: 01 | B3: =INDEX(Programs!$B$2:$B$9,Calc!B3) -> Rent support | C3: =Calc!G3/100 -> 261 | D3: =Calc!H3/100 -> 180 | E3: =Calc!K3/100 -> 76.265 | F3: =ROUND(Calc!P3/100,2) -> 76.27
A4: 1 | B4: =INDEX(Programs!$B$2:$B$9,Calc!B4) -> Language classes | C4: =Calc!G4/100 -> 88.8 | D4: =Calc!H4/100 -> 60 | E4: =Calc!K4/100 -> 60 | F4: =ROUND(Calc!P4/100,2) -> 60
A5: 010 | B5: =INDEX(Programs!$B$2:$B$9,Calc!B5) -> Youth skills | C5: =Calc!G5/100 -> 127.5 | D5: =Calc!H5/100 -> 127.5 | E5: =Calc!K5/100 -> 127.5 | F5: =ROUND(Calc!P5/100,2) -> 127.5
A6: 10 | B6: =INDEX(Programs!$B$2:$B$9,Calc!B6) -> Community health | C6: =Calc!G6/100 -> 666 | D6: =Calc!H6/100 -> 250 | E6: =Calc!K6/100 -> 250 | F6: =ROUND(Calc!P6/100,2) -> 250
A7: A2 | B7: =INDEX(Programs!$B$2:$B$9,Calc!B7) -> Local transport | C7: =Calc!G7/100 -> 192 | D7: =Calc!H7/100 -> 90 | E7: =Calc!K7/100 -> 90 | F7: =ROUND(Calc!P7/100,2) -> 90
A8: A10 | B8: =INDEX(Programs!$B$2:$B$9,Calc!B8) -> Digital access | C8: =Calc!G8/100 -> 177.6 | D8: =Calc!H8/100 -> 110 | E8: =Calc!K8/100 -> 76.265 | F8: =ROUND(Calc!P8/100,2) -> 76.26
A9: R&D | B9: =INDEX(Programs!$B$2:$B$9,Calc!B9) -> Research and design | C9: =Calc!G9/100 -> 223.09 | D9: =Calc!H9/100 -> 140 | E9: =Calc!K9/100 -> 140 | F9: =ROUND(Calc!P9/100,2) -> 140
E12: Total awarded | F12: =SUM(F2:F9) -> 900.03
E13: Unspent authorization | F13: =ROUND(Control!$B$3-F12,2) -> 0

Sheet PriorClose
A1: Program | B1: Prior award USD
A2: Food access | B2: 100
A3: Rent support | B3: 100
A4: Language classes | B4: 100
A5: Youth skills | B5: 100
A6: Community health | B6: 100
A7: Local transport | B7: 100
A8: Digital access | B8: 100
A9: Research and design | B9: 100

Sheet Calc
A1: Program ID | B1: Programs row | C1: Weight | D1: Max award cents | E1: Approved | F1: Tie rank | G1: Eligible cents | H1: Cap cents | I1: Saturated | J1: Share numerator | K1: Ideal cents | L1: Floor cents | M1: Remainder numerator | N1: Remainder position | O1: Extra cent | P1: Award cents | R1: Parameter | S1: Value
A2: =Summary!A2 -> 001 | B2: =SUMPRODUCT(EXACT(Programs!$A$2:$A$9,A2)*(ROW(Programs!$A$2:$A$9)-1)) -> 1 | C2: =INDEX(Programs!$C$2:$C$9,B2) -> 2 | D2: =ROUND(INDEX(Programs!$D$2:$D$9,B2)*100,0) -> 8000 | E2: =IF(EXACT(INDEX(Programs!$E$2:$E$9,B2),"approved"),1,0) -> 1 | F2: =INDEX(Programs!$F$2:$F$9,B2) -> 4 | G2: =SUMPRODUCT(EXACT(Ledger!$A$2:$A$501,A2)*Ledger!$N$2:$N$501) -> 13320 | H2: =IF(E2=1,MAX(0,MIN(D2,G2)),0) -> 8000 | I2: =IF(SUMPRODUCT(($H$2:$H$9*C2<=H2*$C$2:$C$9)*$H$2:$H$9)*C2+H2*SUMPRODUCT(($H$2:$H$9*C2>H2*$C$2:$C$9)*$C$2:$C$9)<=$S$4*C2,1,0) -> 1 | J2: =IF(I2=1,0,($S$4-$S$5)*C2) -> 0 | K2: =IF(I2=1,H2,J2/$S$6) -> 8000 | L2: =IF(I2=1,H2,INT(J2/$S$6)) -> 8000 | M2: =IF(I2=1,0,J2-L2*$S$6) -> 0 | N2: =1+SUMPRODUCT(($M$2:$M$9>M2)+($M$2:$M$9=M2)*($F$2:$F$9<F2)) -> 5 | O2: =IF(N2<=$S$7,1,0) -> 0 | P2: =L2+O2 -> 8000 | R2: Budget cents | S2: =ROUND(Control!$B$3*100,0) -> 90003
A3: =Summary!A3 -> 01 | B3: =SUMPRODUCT(EXACT(Programs!$A$2:$A$9,A3)*(ROW(Programs!$A$2:$A$9)-1)) -> 2 | C3: =INDEX(Programs!$C$2:$C$9,B3) -> 1 | D3: =ROUND(INDEX(Programs!$D$2:$D$9,B3)*100,0) -> 18000 | E3: =IF(EXACT(INDEX(Programs!$E$2:$E$9,B3),"approved"),1,0) -> 1 | F3: =INDEX(Programs!$F$2:$F$9,B3) -> 2 | G3: =SUMPRODUCT(EXACT(Ledger!$A$2:$A$501,A3)*Ledger!$N$2:$N$501) -> 26100 | H3: =IF(E3=1,MAX(0,MIN(D3,G3)),0) -> 18000 | I3: =IF(SUMPRODUCT(($H$2:$H$9*C3<=H3*$C$2:$C$9)*$H$2:$H$9)*C3+H3*SUMPRODUCT(($H$2:$H$9*C3>H3*$C$2:$C$9)*$C$2:$C$9)<=$S$4*C3,1,0) -> 0 | J3: =IF(I3=1,0,($S$4-$S$5)*C3) -> 15253 | K3: =IF(I3=1,H3,J3/$S$6) -> 7626.5 | L3: =IF(I3=1,H3,INT(J3/$S$6)) -> 7626 | M3: =IF(I3=1,0,J3-L3*$S$6) -> 1 | N3: =1+SUMPRODUCT(($M$2:$M$9>M3)+($M$2:$M$9=M3)*($F$2:$F$9<F3)) -> 1 | O3: =IF(N3<=$S$7,1,0) -> 1 | P3: =L3+O3 -> 7627 | R3: Sum of caps (cents) | S3: =SUM(H2:H9) -> 103750
A4: =Summary!A4 -> 1 | B4: =SUMPRODUCT(EXACT(Programs!$A$2:$A$9,A4)*(ROW(Programs!$A$2:$A$9)-1)) -> 3 | C4: =INDEX(Programs!$C$2:$C$9,B4) -> 3 | D4: =ROUND(INDEX(Programs!$D$2:$D$9,B4)*100,0) -> 6000 | E4: =IF(EXACT(INDEX(Programs!$E$2:$E$9,B4),"approved"),1,0) -> 1 | F4: =INDEX(Programs!$F$2:$F$9,B4) -> 6 | G4: =SUMPRODUCT(EXACT(Ledger!$A$2:$A$501,A4)*Ledger!$N$2:$N$501) -> 8880 | H4: =IF(E4=1,MAX(0,MIN(D4,G4)),0) -> 6000 | I4: =IF(SUMPRODUCT(($H$2:$H$9*C4<=H4*$C$2:$C$9)*$H$2:$H$9)*C4+H4*SUMPRODUCT(($H$2:$H$9*C4>H4*$C$2:$C$9)*$C$2:$C$9)<=$S$4*C4,1,0) -> 1 | J4: =IF(I4=1,0,($S$4-$S$5)*C4) -> 0 | K4: =IF(I4=1,H4,J4/$S$6) -> 6000 | L4: =IF(I4=1,H4,INT(J4/$S$6)) -> 6000 | M4: =IF(I4=1,0,J4-L4*$S$6) -> 0 | N4: =1+SUMPRODUCT(($M$2:$M$9>M4)+($M$2:$M$9=M4)*($F$2:$F$9<F4)) -> 7 | O4: =IF(N4<=$S$7,1,0) -> 0 | P4: =L4+O4 -> 6000 | R4: T distributable (cents) | S4: =MIN(S2,S3) -> 90003
A5: =Summary!A5 -> 010 | B5: =SUMPRODUCT(EXACT(Programs!$A$2:$A$9,A5)*(ROW(Programs!$A$2:$A$9)-1)) -> 4 | C5: =INDEX(Programs!$C$2:$C$9,B5) -> 2 | D5: =ROUND(INDEX(Programs!$D$2:$D$9,B5)*100,0) -> 13000 | E5: =IF(EXACT(INDEX(Programs!$E$2:$E$9,B5),"approved"),1,0) -> 1 | F5: =INDEX(Programs!$F$2:$F$9,B5) -> 1 | G5: =SUMPRODUCT(EXACT(Ledger!$A$2:$A$501,A5)*Ledger!$N$2:$N$501) -> 12750 | H5: =IF(E5=1,MAX(0,MIN(D5,G5)),0) -> 12750 | I5: =IF(SUMPRODUCT(($H$2:$H$9*C5<=H5*$C$2:$C$9)*$H$2:$H$9)*C5+H5*SUMPRODUCT(($H$2:$H$9*C5>H5*$C$2:$C$9)*$C$2:$C$9)<=$S$4*C5,1,0) -> 1 | J5: =IF(I5=1,0,($S$4-$S$5)*C5) -> 0 | K5: =IF(I5=1,H5,J5/$S$6) -> 12750 | L5: =IF(I5=1,H5,INT(J5/$S$6)) -> 12750 | M5: =IF(I5=1,0,J5-L5*$S$6) -> 0 | N5: =1+SUMPRODUCT(($M$2:$M$9>M5)+($M$2:$M$9=M5)*($F$2:$F$9<F5)) -> 3 | O5: =IF(N5<=$S$7,1,0) -> 0 | P5: =L5+O5 -> 12750 | R5: Saturated caps (cents) | S5: =SUMPRODUCT(I2:I9,H2:H9) -> 74750
A6: =Summary!A6 -> 10 | B6: =SUMPRODUCT(EXACT(Programs!$A$2:$A$9,A6)*(ROW(Programs!$A$2:$A$9)-1)) -> 5 | C6: =INDEX(Programs!$C$2:$C$9,B6) -> 4 | D6: =ROUND(INDEX(Programs!$D$2:$D$9,B6)*100,0) -> 25000 | E6: =IF(EXACT(INDEX(Programs!$E$2:$E$9,B6),"approved"),1,0) -> 1 | F6: =INDEX(Programs!$F$2:$F$9,B6) -> 7 | G6: =SUMPRODUCT(EXACT(Ledger!$A$2:$A$501,A6)*Ledger!$N$2:$N$501) -> 66600 | H6: =IF(E6=1,MAX(0,MIN(D6,G6)),0) -> 25000 | I6: =IF(SUMPRODUCT(($H$2:$H$9*C6<=H6*$C$2:$C$9)*$H$2:$H$9)*C6+H6*SUMPRODUCT(($H$2:$H$9*C6>H6*$C$2:$C$9)*$C$2:$C$9)<=$S$4*C6,1,0) -> 1 | J6: =IF(I6=1,0,($S$4-$S$5)*C6) -> 0 | K6: =IF(I6=1,H6,J6/$S$6) -> 25000 | L6: =IF(I6=1,H6,INT(J6/$S$6)) -> 25000 | M6: =IF(I6=1,0,J6-L6*$S$6) -> 0 | N6: =1+SUMPRODUCT(($M$2:$M$9>M6)+($M$2:$M$9=M6)*($F$2:$F$9<F6)) -> 8 | O6: =IF(N6<=$S$7,1,0) -> 0 | P6: =L6+O6 -> 25000 | R6: Unsaturated weight | S6: =SUMPRODUCT(1-I2:I9,C2:C9) -> 2
A7: =Summary!A7 -> A2 | B7: =SUMPRODUCT(EXACT(Programs!$A$2:$A$9,A7)*(ROW(Programs!$A$2:$A$9)-1)) -> 6 | C7: =INDEX(Programs!$C$2:$C$9,B7) -> 2 | D7: =ROUND(INDEX(Programs!$D$2:$D$9,B7)*100,0) -> 9000 | E7: =IF(EXACT(INDEX(Programs!$E$2:$E$9,B7),"approved"),1,0) -> 1 | F7: =INDEX(Programs!$F$2:$F$9,B7) -> 3 | G7: =SUMPRODUCT(EXACT(Ledger!$A$2:$A$501,A7)*Ledger!$N$2:$N$501) -> 19200 | H7: =IF(E7=1,MAX(0,MIN(D7,G7)),0) -> 9000 | I7: =IF(SUMPRODUCT(($H$2:$H$9*C7<=H7*$C$2:$C$9)*$H$2:$H$9)*C7+H7*SUMPRODUCT(($H$2:$H$9*C7>H7*$C$2:$C$9)*$C$2:$C$9)<=$S$4*C7,1,0) -> 1 | J7: =IF(I7=1,0,($S$4-$S$5)*C7) -> 0 | K7: =IF(I7=1,H7,J7/$S$6) -> 9000 | L7: =IF(I7=1,H7,INT(J7/$S$6)) -> 9000 | M7: =IF(I7=1,0,J7-L7*$S$6) -> 0 | N7: =1+SUMPRODUCT(($M$2:$M$9>M7)+($M$2:$M$9=M7)*($F$2:$F$9<F7)) -> 4 | O7: =IF(N7<=$S$7,1,0) -> 0 | P7: =L7+O7 -> 9000 | R7: Leftover cents | S7: =S4-SUM(L2:L9) -> 1
A8: =Summary!A8 -> A10 | B8: =SUMPRODUCT(EXACT(Programs!$A$2:$A$9,A8)*(ROW(Programs!$A$2:$A$9)-1)) -> 7 | C8: =INDEX(Programs!$C$2:$C$9,B8) -> 1 | D8: =ROUND(INDEX(Programs!$D$2:$D$9,B8)*100,0) -> 11000 | E8: =IF(EXACT(INDEX(Programs!$E$2:$E$9,B8),"approved"),1,0) -> 1 | F8: =INDEX(Programs!$F$2:$F$9,B8) -> 8 | G8: =SUMPRODUCT(EXACT(Ledger!$A$2:$A$501,A8)*Ledger!$N$2:$N$501) -> 17760 | H8: =IF(E8=1,MAX(0,MIN(D8,G8)),0) -> 11000 | I8: =IF(SUMPRODUCT(($H$2:$H$9*C8<=H8*$C$2:$C$9)*$H$2:$H$9)*C8+H8*SUMPRODUCT(($H$2:$H$9*C8>H8*$C$2:$C$9)*$C$2:$C$9)<=$S$4*C8,1,0) -> 0 | J8: =IF(I8=1,0,($S$4-$S$5)*C8) -> 15253 | K8: =IF(I8=1,H8,J8/$S$6) -> 7626.5 | L8: =IF(I8=1,H8,INT(J8/$S$6)) -> 7626 | M8: =IF(I8=1,0,J8-L8*$S$6) -> 1 | N8: =1+SUMPRODUCT(($M$2:$M$9>M8)+($M$2:$M$9=M8)*($F$2:$F$9<F8)) -> 2 | O8: =IF(N8<=$S$7,1,0) -> 0 | P8: =L8+O8 -> 7626 | R8: Check: awards = T | S8: =IF(SUM(P2:P9)=S4,"OK","ERROR") -> OK
A9: =Summary!A9 -> R&D | B9: =SUMPRODUCT(EXACT(Programs!$A$2:$A$9,A9)*(ROW(Programs!$A$2:$A$9)-1)) -> 8 | C9: =INDEX(Programs!$C$2:$C$9,B9) -> 3 | D9: =ROUND(INDEX(Programs!$D$2:$D$9,B9)*100,0) -> 14000 | E9: =IF(EXACT(INDEX(Programs!$E$2:$E$9,B9),"approved"),1,0) -> 1 | F9: =INDEX(Programs!$F$2:$F$9,B9) -> 5 | G9: =SUMPRODUCT(EXACT(Ledger!$A$2:$A$501,A9)*Ledger!$N$2:$N$501) -> 22309 | H9: =IF(E9=1,MAX(0,MIN(D9,G9)),0) -> 14000 | I9: =IF(SUMPRODUCT(($H$2:$H$9*C9<=H9*$C$2:$C$9)*$H$2:$H$9)*C9+H9*SUMPRODUCT(($H$2:$H$9*C9>H9*$C$2:$C$9)*$C$2:$C$9)<=$S$4*C9,1,0) -> 1 | J9: =IF(I9=1,0,($S$4-$S$5)*C9) -> 0 | K9: =IF(I9=1,H9,J9/$S$6) -> 14000 | L9: =IF(I9=1,H9,INT(J9/$S$6)) -> 14000 | M9: =IF(I9=1,0,J9-L9*$S$6) -> 0 | N9: =1+SUMPRODUCT(($M$2:$M$9>M9)+($M$2:$M$9=M9)*($F$2:$F$9<F9)) -> 6 | O9: =IF(N9<=$S$7,1,0) -> 0 | P9: =L9+O9 -> 14000 | R9: Check: 0<=award<=cap | S9: =IF(SUMPRODUCT((P2:P9<0)+(P2:P9>H2:H9))=0,"OK","ERROR") -> OK
R10: Check: program IDs found | S10: =IF(COUNTIF(B2:B9,">0")=8,"OK","ERROR") -> OK
